tweet_id,old_tweet_id,text,old_text,author_id,old_author_id,tw_date,year,AR,MB,similarity
1079965188206415873,1.08e+18,"As we close the books on one year and begin another, I want to wish you all a happy and healthy #NewYear2019! https://t.co/xDk4uOZxCr","The LORD bless you and keep you!
The LORD let his face shine upon you, and be gracious to you!
The LORD look upon you kindly and give you peace!

Numbers 6: 24-26",117501995,Marco Rubio,2019-01-01,2019,3,3,31.0
1080224612938596353,1.08e+18,We must look at climate change as if it were a devastating military attack against the United States and the entire planet. And we must respond accordingly.,"RT @brhodes: Unfortunately, climate change will be the most significant story for a very long time. And the Republican denialism of the lasÇƒ∂",29442313,Chris Murphy,2019-01-01,2019,1,1,37.0
1080516539814739968,1.08e+18,https://t.co/woXxgFyR17,RT @schumersglasses: https://t.co/HX6oF94GRo,1017500185356853248,Chuck Schumer,2019-01-02,2019,3,3,48.0
1080498783060926465,1.08e+18,"READ my op-ed in the @washingtonpost about three possible solutions to end the partial government shutdown. 

https://t.co/zzPBvd3LQZ","Excited to introduce this important bipartisan legislation with @lisamurkowski that reduces toxic air pollution, protects public health, and supports American jobs. https://t.co/41ivqMaMWC",76649729,Tom Carper,2019-01-02,2019,2,2,40.0
1080510798517153793,1.08e+18,Read my op-ed in today’s @washingtonpost: President Trump could reopen the government and build a lasting legacy all at once. https://t.co/v2ymAVGg0K,Rand Paul Attacks ÇƒÚVirtuousÇƒÙ Mitt Romney For Anti-Trump Op-Ed | The Daily Caller https://t.co/N0hnfxY21l,21669223,Rand Paul,2019-01-02,2019,3,3,38.0
1080531992935047168,1.08e+18,"This shutdown is impacting workers and their families, so I am hoping that Republicans decide to work with us to fund our government and make sure workers across the country are paid.","While President Trump continues to demand funding for a pointless border wall, House Democrats are ready to get to work on day one and pass legislation to reopen the government. ItÇƒÙs time to restore certainty for the American people.",293131808,Ben Ray Lujan,2019-01-02,2019,2,2,39.0
1080607437844107264,1.08e+18,"Someone should let Zinke know that resigning doesn’t save you from prison.
https://t.co/XMT3Pe9Y2Z","Çƒ˙My supervisor told me we wonÇƒÙt be getting paid, so my bills wonÇƒÙt be getting paid.Çƒ˘ #ShutdownStories
https://t.co/7udfTPEMzZ",250188760,Mark Warner,2019-01-02,2019,1,1,41.0
1080907269359820801,1.08e+18,"Good to see my Laredo friends, including Mayor Pete Saenz, at the Capitol today https://t.co/SwTa9DRSEE",No family should have to choose between paying for medicine and putting gas in the tank or food on the table. https://t.co/yLhStgZQNQ,13218102,Sherrod Brown,2019-01-03,2019,1,1,45.0
1080622378877681664,1.08e+18,"Honored to have the opportunity to blaze a trail for women in leadership roles alongside @jonieernst as the first GOP women to serve on @senjudiciary 
https://t.co/s5REf9Q2iP","Right now, a single Republican Senator is standing in the way of confirming a highly-qualified nominee to the @USEEOCÇƒÓI hope Republican leaders push aside this obstruction so the EEOC can fulfill its duty to protect workersÇƒÙ civil rights.
https://t.co/ZGF97MDyTe",63150856,Patty Murray,2019-01-03,2019,1,1,37.0
1080644917771362305,1.08e+18,"Speaking with @foxnews @seanhannity tonight at 9:15 pm about wall-border security funding and the government shutdown.  

Tune in!",RT @VP: .@POTUS has taken a STRONG STAND for border security because we have a crisis at our southern border. Our sincere hope is that DemoÇƒ∂,432895323,Bill Cassidy,2019-01-03,2019,1,1,37.0
1080966370534273025,1.08e+18,RT @braun4indiana: Time to get to work. https://t.co/eFKUMH1BYG,"RT @perlmutations: Seems like just last week! Ah, nostalgia! https://t.co/eDgCkeUbRN",13218102,Mark Warner,2019-01-03,2019,3,3,48.0
1080893858391707648,1.08e+18,Today I was sworn in by @VP Mike Pence on the floor of Senate. It is an honor and a privilege to serve the people of Mississippi for another six years. https://t.co/R0AKTqhTMb,Tune in to CSPAN at 12 pm ET when I will be sworn in for the #116thCongress as part of the most diverse Congress in history. My colleagues and I are ready to get to work for the American people. https://t.co/YzEEhS8FBV,264219447,Ben Ray Lujan,2019-01-03,2019,3,3,43.0
1080959686864789505,1.08e+18,So glad to see so many familiar faces in Washington today supporting me on my swearing-in day. https://t.co/WZZDzJgmYa,Herb Kohl has done so much for Wisconsin and I am truly honored that he is joining me today for the swearing-in ceremony. https://t.co/fNXpyVACgW,818554054309715969,Tammy Baldwin,2019-01-03,2019,3,3,48.0
1080969530300657664,1.08e+18,The VA’s blunder should not negatively impact the finances of veterans seeking higher education and this new law will help address the VA’s unacceptable failure. https://t.co/DlkHmu4Ajy,"CouldnÇƒÙt agree more with @UCFWhittaker. Colleges should emulate UCFÇƒÙs commitment to Pell recipients, and rankings like @usnews should do more to highlight their success. https://t.co/zPGdSRMUUv",946549322,Chris Coons,2019-01-03,2019,1,1,39.0
1080955360792391680,1.08e+18,"Thanks to @realDonaldTrump for signing several of my bills into law today, including legislation that will bring corrupt lobbyists into the sunlight.
https://t.co/MFqiafkB3Q","In 2018, I was proud to work with all of my Senate colleagues to produce #bipartisan results, including protecting #veterans and holding VA executives accountable &amp; securing federal funds to help North Carolinians affected by natural disasters. https://t.co/qFpBpvPt6B",816683274076614656,Thom Tillis,2019-01-03,2019,2,2,38.0
1080920418045718528,1.08e+18,"I’m honored to take the oath of office as Nevada’s next U.S. Senator. Nevadans sent me here to fight for their health care, and that’s what I’m ready to do. https://t.co/Ms9pJSrcQn","President Trump just signed into law my legislation with @RepClayHiggins to rename the #LakeCharles VA Clinic in honor of Kinder native Douglas Fournet, who gave his life in the Vietnam War and was posthumously awarded the Medal of Honor. https://t.co/xbgNsU7OH9",818554054309715969,Bill Cassidy,2019-01-03,2019,2,2,37.0
1080933258139975687,1.08e+18,To the people of Utah: Thank you for entrusting me with the responsibility of serving you in the United States Senate. https://t.co/iBJ8CN6v2m,"Honored to have been sworn into the 116th Congress today. Thank you Washington, it is the privilege of a lifetime to serve you in the United States Senate. https://t.co/0CyL9aaapz",1078693601356509184,Maria Cantwell,2019-01-03,2019,3,3,57.0
908788782903758848,9.0848290732034e+17,I’m closely monitoring the San Diego County Hepatitis A outbreak. Resources on prevention can be found here: https://t.co/EEthkz35kR,.@FLOIR_comm has updated its ‚ÄúHurricane Season Resources‚Äù webpage- find it here: https://t.co/zYXsThyoMK,476256944,Rick Scott,2017-09-15,2017,2,2,45.0
908773940079857664,9.0848315120651e+17,RT @autodealerstx: Thank you @JohnCornyn for meeting with our dealers and supporting recovery from #HurricaneHarvey https://t.co/aLDz0iYJml,"RT @HealthyFla: #FLHealth urges caution with sewage, septic tanks after Hurricane #Irma: https://t.co/Kg7L3YPfJW",13218102,Rick Scott,2017-09-15,2017,1,1,46.0
908775103739154432,9.08488536810065e+17,Deeply disturbing! Rs making one last-ditch effort to take away health care—Keep up the fight and continue speaking out! https://t.co/0Z4Qtuo8RM,FDLE is coordinating hundreds of law enforcement missions through the state EOC including patrol and escort missions.,76456274,Rick Scott,2017-09-15,2017,2,2,37.0
908483250032693248,9.08489559687778e+17,Kim Jong-un's missile launches show how much he doesn't care about his own people. Each new provocation increases likelihood of lost lives.,"El FDLE est√° coordinando cientos de misiones de las autoridades a trav√©s del EOC del estado, incluyendo misiones de patrullaje y escolta.",225921757,Rick Scott,2017-09-15,2017,3,3,32.0
908816804826329088,9.0849206066314e+17,"Credit reporting agencies can ruin your life with their mistakes, but they are totally unaccountable. We must change the law.",Soldiers &amp; Airmen are operating at 14 Points of Distribution throughout FL to ensure supplies are quickly provided to those who need them,47747074,Rick Scott,2017-09-15,2017,2,2,38.0
908839277987057666,9.08498374118313e+17,Good news: A federal court blocked Attorney General Sessions’ ill-advised effort to hold city violence prevention funds hostage. https://t.co/yvJNv2zsCq,Updates on continued Hurricane Irma response efforts can be found here: https://t.co/g6jNf85DHV,247334603,Rick Scott,2017-09-15,2017,2,2,45.0
908833235999830016,9.08501874688561e+17,".@SenRonJohnson will have a new constituent services office in Madison effective October 2nd 
https://t.co/ieFqz6mgFD",.@FLHSMV Licensing on Wheels Mobiles are mobilized to provide credentialing services to impacted FL residents in Lee and Collier counties.,233737858,Rick Scott,2017-09-15,2017,2,2,37.0
908796140027629569,9.08504473563254e+17,I've been working to improve our #BuyAmerican laws for over a decade: https://t.co/GaenDO5p8I. I'm hopeful we can work together on this. https://t.co/AiFqVGB9u9,RT @FLSERT: Florida Hurricane #Irma Power Outage Numbers as of 9/14/2017 9:00 PM ET. PDF at: https://t.co/MdtDTxRJZf #FLResponds https://t.‚Ä¶,150078976,Rick Scott,2017-09-15,2017,3,3,36.0
908774940555534336,9.08509426419732e+17,"Dreamers, we want to hear your stories. Use the hashtag #HereToStay and we’ll RT some so others can hear your voice.",.@RedCross is preparing to open four shelters in the Florida Keys following area surveys and consultation with local officials.,30354991,Rick Scott,2017-09-15,2017,2,2,40.0
908671192692875264,9.08512949727301e+17,It is up to the Trump Administration and the world to make North Korea believe otherwise.,.@MyFDOT debris removal crews have cleared US 1 and debris removal operations will begin this weekend.,432895323,Rick Scott,2017-09-15,2017,2,3,36.0
908520930904887296,9.08520930904887e+17,"Make that: ⚾️⚾️⚾️⚾️⚾️⚾️⚾️⚾️⚾️⚾️⚾️⚾️⚾️⚾️⚾️⚾️⚾️⚾️⚾️⚾️⚾️⚾️

@Indians - you made Cleveland very proud tonight.","Make that: ‚öæÔ∏è‚öæÔ∏è‚öæÔ∏è‚öæÔ∏è‚öæÔ∏è‚öæÔ∏è‚öæÔ∏è‚öæÔ∏è‚öæÔ∏è‚öæÔ∏è‚öæÔ∏è‚öæÔ∏è‚öæÔ∏è‚öæÔ∏è‚öæÔ∏è‚öæÔ∏è‚öæÔ∏è‚öæÔ∏è‚öæÔ∏è‚öæÔ∏è‚öæÔ∏è‚öæÔ∏è

@Indians - you made Cleveland very proud tonight.",43910797,Sherrod Brown,2017-09-15,2017,3,3,41.0
908733433563766786,9.08522762586787e+17,I’m #WithDREAMers &amp; will continue calling for the passage of the #DREAMact,State offices closures/ openings will continue to follow the lead of local governments,1099199839,Rick Scott,2017-09-15,2017,3,3,43.0
908789493699923969,9.08526538139754e+17,"RT @GrowthEnergy: Thank you for standing with our industry and championing American #biofuels, @tammybaldwin. We appreciate your support. #…",".@FLDEPNews continues to coordinate with @USACEHQ @MyFDOT, @USCG, @MyFWC, and @fema on debris removal statewide.",1074518754,Rick Scott,2017-09-15,2017,2,3,32.0
908757504703700992,9.08661680522924e+17,My heart goes out to all those affected by today’s horrific attack in London.,Happy birthday @RepBarragan!,76456274,Kyrsten Sinema,2017-09-15,2017,3,3,27.0
908693133570998272,9.08661685736554e+17,@KFILE This might be the best one.,Happy birthday @RepJoeBarton!,47747074,Kyrsten Sinema,2017-09-15,2017,3,3,29.0
908748311938633728,9.08671557710565e+17,Staff &amp; volunteers are helping hundreds of Floridians at #IrmaRecovery assistance center in #Immokalee today. More #Florida centers to come. https://t.co/1Nr9yvxn9j,RT @FLSERT: To serve as a volunteer in Hurricane #Irma relief efforts please call 1-800-FL-Help-1 or click here https://t.co/V2fuoI8GNY #FL‚Ä¶,229966028,Rick Scott,2017-09-15,2017,3,3,39.0
908796140027629569,9.08671589528596e+17,I've been working to improve our #BuyAmerican laws for over a decade: https://t.co/GaenDO5p8I. I'm hopeful we can work together on this. https://t.co/AiFqVGB9u9,RT @FLSERT: Florida Hurricane #Irma Power Outage Numbers as of 9/15/2017 6:00 AM ET. PDF at: https://t.co/6pN1aaRRFU‚Ä¶ #FLResponds https://t‚Ä¶,150078976,Rick Scott,2017-09-15,2017,3,3,36.0
908783887639351296,9.08673175856336e+17,Want to get outside tomorrow? Join me tomorrow at noon at Racebook Tract in Orange for a Congress on Your Hike https://t.co/BmPCtJw8DD,Equipos de remoci√≥n de escombros de @MyFDOT despejaron la US 1 y operaci√≥n de retirada de escombros comienza este fin de semana.,150078976,Rick Scott,2017-09-15,2017,3,3,32.0
908837342554681344,9.08673260249903e+17,RT @SEIU: 1) Here are our thoughts on the latest repeal effort to take away healthcare from working families. Read this thread &amp; call 866-4…,Cerca de 70 equipos de @MyFDOT est√°n listos y preparados para trabajos de corte y poda de √°rboles en el sistema de carreteras de FL.,15808765,Rick Scott,2017-09-15,2017,3,3,35.0
908739000424435712,9.08673334522662e+17,#GrahamCassidy keeps Obamacare and redistributes money from dem states to republican states.,Cierres y aperturas de oficinas estatales continuar√°n siguiendo directrices de gobiernos locales.,216881337,Rick Scott,2017-09-15,2017,3,3,34.0
908727454327607297,9.08685409781248e+17,We need to return the power back to states and patients. https://t.co/LX75Zh3NPL,Power has now been restored to 4.8 million Florida homes and businesses. https://t.co/bVzGus4cL0,55677432,Rick Scott,2017-09-15,2017,2,3,49.0
908750706059960321,9.08688466149507e+17,Our country’s election systems remain vulnerable to cyber attack. We must figure out how we are vulnerable and how we can fix it.,El servicio el√©ctrico ya ha sido restablecido a 4.8 millones de hogares y negocios en la Florida.,72198806,Rick Scott,2017-09-15,2017,3,3,37.0
908760593301213185,9.08693389163368e+17,I'm honored to present this long overdue Purple Heart to Wetzel Sanders. WATCH LIVE: https://t.co/osy2KULRMw,Aqu√≠ la informaci√≥n actualizada sobre los esfuerzos de recuperaci√≥n despu√©s del Hurac√°n Irma: https://t.co/ldzzG30nd6,234374703,Rick Scott,2017-09-15,2017,3,3,37.0
908757504703700992,9.0869435658396e+17,My heart goes out to all those affected by today’s horrific attack in London.,Praying for healing and safety for all of London. Our hearts are with all those affected by this terrorist attack.,76456274,Rick Scott,2017-09-15,2017,3,1,50.0
908763692602413056,9.08697323487858e+17,I recently had the chance to visit the Boardman River -- huge thank you to everyone volunteering their time to improve its water quality! https://t.co/WzScWg89wy,"ACA repeal couldn't pass w 50 vote rule. For your unpopular, hurtful agenda, you should prob be pushing for like a 20 or 25 vote threshold. https://t.co/JEOVRYSqMo",76456274,Chris Murphy,2017-09-15,2017,1,1,40.0
908753749988069376,9.08699039197261e+17,.@BetsyDeVosED needs to stand up for sexual assault survivors. This is a step in the wrong direction: https://t.co/H6DOgfZf1r,.@BetsyDeVosED tried to sneak this under the radar before Labor Day Wknd - but she's refusing to share student aid complaint info w/ @cfpb.,293131808,Sherrod Brown,2017-09-15,2017,1,1,39.0
908698861014839296,9.0870377049382e+17,"On #POWMIARecognitionDay, we pause to remember all who have served and those who were captured or remain missing. #YouAreNotForgotten https://t.co/ugTQgAVUYc",On POW/MIA Day let us take a moment to remember the heroes who have served our nation proudly and sacrifice to defend our country. https://t.co/WVIMKgw12M,18632666,Jacky Rosen,2017-09-15,2017,3,3,53.0
908755780672901120,9.08706134374191e+17,DYK that #NM is the 2nd largest producer of pecans in the U.S.? This industry is vital to our state’s economy. https://t.co/e3gJW4HpaN,"RT @VolunteerFla: As FL begins to recover from the devastation of Hurricane Irma, the FL Disaster Fund is here to help. Donate on FB: https‚Ä¶",1099199839,Rick Scott,2017-09-15,2017,3,3,39.0
908751579762892800,9.08707563390296e+17,It's a human rights issue. It's an issue of #Burma's adherence to intl legal commitments. We must condemn it in the strongest possible terms,"RT @FLSERT: DO NOT use gas-powered generator indoors, not even in the garage #FLResponds",29201047,Rick Scott,2017-09-15,2017,1,3,36.0
908837342554681344,9.08707595371925e+17,RT @SEIU: 1) Here are our thoughts on the latest repeal effort to take away healthcare from working families. Read this thread &amp; call 866-4…,RT @FLSERT: No use generadores accionados a gas ni lavadoras a presi√≥n en lugares cerrados. Ni siquiera en el garaje #FLResponds,15808765,Rick Scott,2017-09-15,2017,3,3,34.0
908493579496099843,9.08707677966098e+17,"RT @maggieNYT: Harrowing Storms May Move Climate Debate, if Not G.O.P. Leaders via @alexburnsNYT  https://t.co/uI9WvhvFV8",RT @HealthyFla: #FLHealth is urging residents in the #FloridaKeys to not consume water under a boil water notice: https://t.co/IxR9zbWxKe #‚Ä¶,47747074,Rick Scott,2017-09-15,2017,1,3,43.0
908799059619704833,9.08709530468519e+17,I agree with my counterpart @WhipHoyer. More important now than ever to stand up for American values of democracy. https://t.co/8L666BWstb,RT @VolunteerFla: Volunteer opportunity: @FloridaDMS has several opportunities for state employee volunteers! https://t.co/nGMapTwWoF #Volu‚Ä¶,247334603,Rick Scott,2017-09-15,2017,3,3,41.0
908810650067046400,9.08715667746119e+17,RT @RepJayapal: Great to be with @SenJeffMerkley for the @CFESummit! Very proud to partner with him on the #100by50 Act to transition to re…,RT @FLGuard: @FLGuard CERF-P heads out with @MyFWC   #BFAI to clear key entry points in the Florida Keys in the wake of #HurricaneIrma. #FL‚Ä¶,29201047,Rick Scott,2017-09-15,2017,3,2,35.0
908818762979143680,9.08722079414894e+17,We need to repeal &amp; replace Obamacare with something that works. https://t.co/8kBVT1AJXK,"We need both parties to come together &amp; solve our country‚Äôs challenges. I'll work with anyone to get things done.

https://t.co/aUDwQ3gA99",41363507,Kyrsten Sinema,2017-09-15,2017,3,1,46.0
908712817779466240,9.0872488871793e+17,"On #POWMIARecognitionDay, we honor our missing servicemembers- supporting @dodpaa to bring closure to families: https://t.co/JIErE6dEUg https://t.co/3cEHhYB1zA","RT @FLSERT: Florida Hurricane #Irma Power Outage Numbers as of 9/15/2017
11AM ET. PDF at: https://t.co/MdtDTxRJZf https://t.co/keoM6y4kVL",382791093,Rick Scott,2017-09-15,2017,3,3,38.0
908773556560969728,9.08736976605601e+17,#HispanicHeritageMonth celebrates a legacy and culture that strengthens our country. https://t.co/Ik1FOUAf6c,"This #HispanicHeritageMonth let's honor the history, culture &amp; achievements of our Latino community in NV &amp; across the country. https://t.co/5WdThtKC7G",41363507,Jacky Rosen,2017-09-15,2017,3,3,53.0
908740739911372800,9.08740569106731e+17,@SenateDems Dems also want to double the number of children who are eligible for child care assistance.,.@SenateDems' #ABetterDeal ensures no family under 150% of state median income pays more than 7% of their income on child care.,17494010,Chuck Schumer,2017-09-15,2017,2,2,42.0
908749650550755328,9.08741594475528e+17,"Wonderful discussion with Northwest Indiana realtors today. Taxes, infrastructure, flood insurance were topics of discussion. https://t.co/rqhO2VJKN1","Just met with state &amp; local leaders in Key West to discuss #HurricaneIrma recovery. At 2pm, I‚Äôll be in Marathon to continue the discussion. https://t.co/VusWBSXVyA",234128524,Rick Scott,2017-09-15,2017,3,3,42.0
908825820239712257,9.08747547669344e+17,The Port of Boston has been vital to our economy since the colonial era. But we need to keep investing in infrastructure for it to succeed. https://t.co/DNr0ItoTBT,"RT @HealthyFla: If you think your #FLwellwater has been contaminated, contact local health department to check the water quality: https://t‚Ä¶",970207298,Rick Scott,2017-09-15,2017,2,2,42.0
908796241324199939,9.0875092030507e+17,RT @GOPLeader: #Obamacare is failing. #GrahamCassidy returns control to states and empowers them to innovate and stabilize costs.,"#Burma must cease anti-Rohingya persecution, immediately reverse conditions that created this crisis and allow access for humanitarian orgs.",55677432,Jeff Merkley,2017-09-15,2017,1,1,39.0
908677204145524738,9.08751986035707e+17,Today is National POW/MIA Recognition Day. We remember the American heroes who sacrificed and have not come home. #NotForgotten #MIA #POW https://t.co/uEFsrBH8jv,RT @DeptVetAffairs: Today is National POW/MIA Recognition Day ‚Äì you are not forgotten. #POWMIA #HonoringVets https://t.co/9ZHOhGozei,283130017,Kevin Cramer,2017-09-15,2017,3,3,54.0
908771469194399744,9.08754040045129e+17,"Tmrw, I’ll be at @navigatemn's legal clinic in Shakopee, which will offer resources for DACA renewals &amp; additional immigration services.","Around the state, @MyFDOT has 13 traffic management centers where hundreds of employees are monitoring traffic cameras 24/7.",171968009,Rick Scott,2017-09-15,2017,3,3,35.0
908773772194435072,9.08757059428143e+17,Great to see everyone in Anderson and @AndersonUnivSC this morning! https://t.co/Z758lJlccb,"For real time updates on road closures and detours, visit https://t.co/i7T4QeVrla",217543151,Rick Scott,2017-09-15,2017,2,2,49.0
908699460166754310,9.08763095748689e+17,@BetsyDeVosED @CFPB @CFPB oversight protects students from predatory lenders &amp; other bad actors - this decision leaves them at the mercy of shady corporations.,"FHP has over 70 troopers escorting fuel resupply trucks from @JAXPORT, @PortTampaBay, @PortEverglades  &amp; @PortCanaveral to communities.",43910797,Rick Scott,2017-09-15,2017,2,2,36.0
908681807780040704,9.08766351916978e+17,The U.S. should cut the red tape and modernize our policies towards #5G deployment. We can’t be left behind! (5/5) https://t.co/ybBMhiRG20,We must stand strong against Zinke's efforts to downsize our public lands #MonumentsForAll #ThisLandIsOurLand https://t.co/zhkGDNdbht,264219447,Jacky Rosen,2017-09-15,2017,1,1,42.0
908748311938633728,9.08766849025937e+17,Staff &amp; volunteers are helping hundreds of Floridians at #IrmaRecovery assistance center in #Immokalee today. More #Florida centers to come. https://t.co/1Nr9yvxn9j,46 FL counties are now eligible for individual assistance for losses sustained from #HurricaneIrma. Visit https://t.co/T6NYhRDJOG for info.,229966028,Rick Scott,2017-09-15,2017,2,3,44.0
908724820262744064,9.08766998032764e+17,My statement on the Jason Stockley verdict: https://t.co/FJN8aYosl0 https://t.co/EGJuf5Truk,Residents can also download the FEMA App to begin the registration process- find it at https://t.co/FBgVDNcEpA https://t.co/TAUqpc81lN,21269970,Rick Scott,2017-09-15,2017,2,2,47.0
908739784264310784,9.0876748591842e+17,Today I honored #WV prisoners of war at the Huntington VA Medical Center's Prisoner of War luncheon. #POWMIARecognitionDay https://t.co/jPHEsyL1LD,Today we honor all former and current prisoners of war and those missing in action. #POWMIARecognitionDay https://t.co/b3w7m81t6X,234374703,Josh Hawley,2017-09-15,2017,3,3,63.0
908500782512852992,9.08767646673489e+17,We must take decisive action to rein in DPRK’s nuclear program. https://t.co/3Gb0ISJBCr,Our focus is getting Keys residents back home: https://t.co/kT2bIUqAX0,18137749,Rick Scott,2017-09-15,2017,1,1,48.0
908681509221146624,9.08769626162647e+17,"Faster, denser connections enabled by #5G tech will improve quality of service for rural &amp; urban
 Americans. (3/5) https://t.co/ybBMhiRG20",We joined @MPHCAZ to open their Tempe facility. We're working to fund community health centers &amp; make healthcare affordable for Arizonans. https://t.co/7G59RJ3jb0,264219447,Kyrsten Sinema,2017-09-15,2017,2,2,42.0
908773940079857664,9.08769684161523e+17,RT @autodealerstx: Thank you @JohnCornyn for meeting with our dealers and supporting recovery from #HurricaneHarvey https://t.co/aLDz0iYJml,RT @PortCanaveral: Over 750 tankers loaded and rolling with fuel across Florida from Seaport Canaveral in last 48 hours. https://t.co/7laA7‚Ä¶,13218102,Rick Scott,2017-09-15,2017,2,2,43.0
908773940079857664,9.0877317531981e+17,RT @autodealerstx: Thank you @JohnCornyn for meeting with our dealers and supporting recovery from #HurricaneHarvey https://t.co/aLDz0iYJml,RT @VolunteerFla: Thank you @SofiaVergara for supporting the Florida Disaster Fund! https://t.co/6Bk6LpiTUR,13218102,Rick Scott,2017-09-15,2017,3,2,51.0
908745336860094466,9.0877330742358e+17,RT @SenateMajLdr: Today we're reminded of those who have been through unbelievable hardships &amp; those taken by our captive by our enemies #P…,RT @FLHealthDuval: Be cautious of #FloodedRoads after #HurricaneIrma. Driving through high water could break down or sweep away your car. #‚Ä¶,2964174789,Rick Scott,2017-09-15,2017,1,1,34.0
908512294178521090,9.0877418818127e+17,RT @GFTrib_KInbody: Verizon dropping rural Montana could affect emergency services https://t.co/X8zBwSLEn5 https://t.co/fqbPgw9oLo,"RT @FLSERT: Florida Hurricane #Irma Power Outage Numbers as of 9/15/2017
3 PM ET. PDF at: https://t.co/MdtDTxRJZf https://t.co/OqKZb96lXo",11651202,Rick Scott,2017-09-15,2017,3,3,39.0
908781718148132865,9.0877492533019e+17,We need to get to the bottom of Russian effort to influence our election &amp; make sure it never happens again.,".@MyFWC has deployed over 500 law enforcement vessels, including trucks, coastal &amp; river patrol boats, ATVs &amp; shallow draft boats.",1099199839,Rick Scott,2017-09-15,2017,2,2,35.0
908701696804708352,9.08775826748997e+17,"Trump Admin. is walking away from the issue of #climatechange. That means at the local level, we need to step up &amp; I'm proud RI is acting.","Latest #Trumpcare bill (#GrahamCassidy) would eliminate essential health benefits, cut #Medicaid, &amp; cost RI $625M by 2026. #ProtectOurCare",486694111,Jack Reed,2017-09-15,2017,1,1,36.0
908773887797813248,9.08781467899011e+17,RT @GLFOP: We are proud to support @JohnCornyn's and @ChrisCoons National White Collar Crime Control Act! Law enforcement needs the tools t…,50 FHP troopers are deployed to assist the Collier County Sherriff‚Äôs Office &amp; 20 troopers to assist St. Johns County law enforcement.,13218102,Rick Scott,2017-09-15,2017,2,2,40.0
908787087830372353,9.08786351897759e+17,"Today we pause to recognize the sacrifices of American prisoners of war, the heroes who are still missing &amp; those who never made it home. https://t.co/meD3R0cMhM","RT @lyft: To do our part in the aftermath of Hurricane Irma, we are offering Relief Rides to those in need. Learn more: https://t.co/zNF5SE‚Ä¶",75364211,Rick Scott,2017-09-15,2017,3,3,45.0
908827016685699072,9.08787759816392e+17,We need to ensure every American can be skilled &amp; trained for the #jobs of the future &amp; that means making sure they have #AffordableHousing,Port of Key West remains closed to all boat traffic until the @USCG has determined that all areas surrounding the port are safe.,117501995,Rick Scott,2017-09-15,2017,1,3,39.0
908756134038769676,9.08791120041308e+17,I joined @marcorubio in urging the State Department to maintain additional security-assistance funding for Israel: https://t.co/H3N2KBJDkL,Joined with Senator Cassidy - my co-chair of the Senate Subcommittee on Social Security - to demand answers from @SocialSecurity Admin. -SB https://t.co/clkeoU9rsr,968650362,Sherrod Brown,2017-09-15,2017,2,2,44.0
908754918231724032,9.08795559955152e+17,Watch live: briefing at the Monroe County Emergency Operations Center in Florida https://t.co/PoqMdxX2Ow,".@MyFWC has 155 officers &amp; 34 vessels in Monroe County, including Special Operations Group officers, to continue operations in the Keys.",229966028,Rick Scott,2017-09-15,2017,1,2,36.0
908770898831904768,9.08795768923934e+17,President Trump’s decision to end #DACA is a disgrace to our moral values and principles. It's not who we are or should be as a nation.,.@AnthemInc's decision is great ‚Äì but insurers making huge profits off taxpayers shouldn‚Äôt need to be shamed into providing coverage.,171968009,Elizabeth Warren,2017-09-15,2017,1,1,43.0
908774053124739072,9.08796375508377e+17,Wonderful to see that Maria is back safely in the wake of Irma - and great to meet her and her brother Pablo in NH: https://t.co/SjnyHi6EY5 https://t.co/LJHam9h06z,RT @USNationalGuard: .@FLGuard members keep Hurricane Irma relief supplies flowing: https://t.co/WJiT571Qqr https://t.co/bUhgj5lIaz,946549322,Rick Scott,2017-09-15,2017,2,2,41.0
908757504703700992,9.08796859006808e+17,My heart goes out to all those affected by today’s horrific attack in London.,El Puerto de Key West permanece cerrado al tr√°fico de todo tipo de embarcaciones hasta que @USCG determine que el entorno es seguro.,76456274,Rick Scott,2017-09-15,2017,3,3,35.0
908797608587644928,9.08797815123476e+17,"Today marks the beginning of Hispanic Heritage Month, a time to celebrate the diverse history and contributions of Hispanic Americans.",".@MyFWC tiene 155 oficiales y 34 lanchas operando en el condado de Monroe, incluyendo oficiales del Grupo de Operaciones Especiales.",308794407,Rick Scott,2017-09-15,2017,3,3,30.0
908494329290936321,9.08798102483685e+17,RT @AETN: We're live with local volunteer historians and @JohnBoozman's veterans affairs liaison for #ARAsk #VeteransHistoryProject! Tweet…,"RT @FLSERT: Text ""FLResponds"" to 888-777 to receive updates from the State Emergency Response Team for #Irma storm updates #FLResponds",5558312,Rick Scott,2017-09-15,2017,2,2,34.0
908735461753016325,9.08802243968761e+17,Always great to talk with the @WIFarmBureau. I'm proud to represent Wisconsin's hardworking farmers in the U.S. Senate. https://t.co/uUEiZy6qIz,"As Americans, we do not turn our backs on those who represent the best of our country. I'm proud to stand with #DREAMEers. #ProtectDACA https://t.co/9goIsz0aQI",1074518754,Jacky Rosen,2017-09-15,2017,1,1,43.0
908769352471760896,9.08802353956089e+17,"RT @timkaine: Anthem staying in VA is great news. Proud of our joint efforts on this w/ @GovernorVA, @MarkWarner &amp; others. More work ahead…",.@FLGuard has established a staging area in Marathon to supply six points of distribution with food &amp; water in Monroe County.,7429102,Rick Scott,2017-09-15,2017,2,2,38.0
908790222032433152,9.08802424869146e+17,"On #POWMIARecognitionDay, we honor the brave men &amp; women who defended our freedoms abroad &amp; have yet to return home. https://t.co/KmH8KVs7Sr",Pleased to share this #POWMIARecognitionDay story of one MI WWII airman whose remains will finally return home https://t.co/rei0K6y2AT,221162525,Gary Peters,2017-09-15,2017,3,3,49.0
908827776651747328,9.08804642196393e+17,"No one, neither the Russians nor large corporations, should have the ability to influence our elections from the shadows. https://t.co/D4FBDpMq4o",More than 77 percent of all power outages have been restored across the state.  https://t.co/yxtgl1n4c4,72198806,Rick Scott,2017-09-15,2017,3,3,46.0
908773556560969728,9.08805007427997e+17,#HispanicHeritageMonth celebrates a legacy and culture that strengthens our country. https://t.co/Ik1FOUAf6c,"So the golf clubs are pay to play. Are the tax cuts pay to play, too? Probably so if Trump won't release the guest lists. https://t.co/SI0FI84DO1",41363507,Ron Wyden,2017-09-15,2017,1,1,40.0
908758314451795968,9.08805625710231e+17,Will help communities to restore communications &amp; respond quickly regardless of what Mother Nature throws at them https://t.co/awjpCXwpRh,.@FLGuard is operating two command post nodes &amp; site communications capability systems to support communications capabilities in the Keys.,117501995,Rick Scott,2017-09-15,2017,2,3,41.0
908706850161483776,9.08806104968253e+17,Congrats to the Lynx on playoff victory agst Mystics! Whalen goes 'vintage Lindsay' at Barn to lead Lynx to victory https://t.co/lN45qIMUu6,"En m√°s del 77 por ciento de todos los apagones, el servicio el√©ctrico ya ha sido restablecido en todo el estado. https://t.co/yxtgl1n4c4",33537967,Rick Scott,2017-09-15,2017,3,3,43.0
908774940555534336,9.08807451314671e+17,"Dreamers, we want to hear your stories. Use the hashtag #HereToStay and we’ll RT some so others can hear your voice.",.@FLGuard estableci√≥ un √°rea de posicionamiento en Marathon para abastecer con agua y alimentos seis puntos de distribuci√≥n en Monroe,30354991,Rick Scott,2017-09-15,2017,3,3,33.0
908816804826329088,9.08809903875035e+17,"Credit reporting agencies can ruin your life with their mistakes, but they are totally unaccountable. We must change the law.",.@MyFDOT is coordinating support of debris removal in Big Pine Key &amp; working their way into other locations as directed by Monroe County.,47747074,Rick Scott,2017-09-15,2017,2,2,36.0
908765781999194112,9.08813530710921e+17,"On #POWMIARecognitionDay, we honor all POWs &amp; those still missing. Our nation &amp; the families left behind will never forget their heroism. https://t.co/vDz69pux5n","On Monday, I'm hosting a Medicare &amp; Social Security resource fair at Paradise Hills Community Center in Albuquerque. I hope you'll be there. https://t.co/K2ImRyqNU4",19394188,Ben Ray Lujan,2017-09-15,2017,2,2,43.0
908735724333228034,9.08815692945747e+17,Veterans who have the training &amp; experience to operate trucks &amp; buses in combat zones have the skills to drive trucks on our highways.,"FHP is providing traffic escorts to resources in route to the Keys, such as fuel tankers, food and water deliveries.",970207298,Rick Scott,2017-09-15,2017,2,2,38.0
908773887797813248,9.08821228269522e+17,RT @GLFOP: We are proud to support @JohnCornyn's and @ChrisCoons National White Collar Crime Control Act! Law enforcement needs the tools t…,FHP has a squad of troopers assigned to Key West to assist with any local law enforcement needs.,13218102,Rick Scott,2017-09-15,2017,3,3,40.0
908486774602604544,9.08828274838474e+17,From #AffordableHousing to #infrastructure these grants will help revitalize &amp; bolster our native communities in WA https://t.co/861dnQ660a,.@fdlepio is coordinating state law enforcement radio system repairs &amp; establishing temp. communications for first responders in Monroe Co.,117501995,Rick Scott,2017-09-15,2017,2,2,39.0
908836760544722944,9.08834314460286e+17,RT @SenSchumer: Sen Cassidy says Cassidy-Graham healthcare bill is close to having 50 votes. We can't rest - this bill wont #ProtectOurCare!,@FLDEPNews requested an Emergency Management Assistance Compact for crews to assist repairs to the main line from Key Largo to Key West,15808765,Rick Scott,2017-09-15,2017,3,3,34.0
908498106391678978,9.0884066264007e+17,"Fixing these discrepancies is critical — all children deserve the chance to succeed in school.
https://t.co/IsvfbdslI4",RT @FLSERT: If your home or business was damaged call Florida toll-free Insurance Consumer Helpline at 1-877-693-5236 #FLResponds https://t‚Ä¶,30354991,Rick Scott,2017-09-15,2017,2,2,37.0
908732504542203910,9.08842117702721e+17,"GCHJ is a fundamentally different approach to health care than Obamacare. We are giving the power over health care to the states, not DC.",Baby supply kits and food and water to support more than 100 first responders are mobilized to be deployed to Monroe County.,55677432,Rick Scott,2017-09-15,2017,3,2,37.0
908858477694636032,9.08843391164796e+17,"Congress must swiftly pass the #DreamAct. It’s the right thing to do. 800,000 Dreamers know no other home.","Kits de suministros para bebes, y agua y alimentos para 100 socorristas van en camino para ser desplegados en el condado de Monroe.",30354991,Rick Scott,2017-09-16,2017,3,3,33.0
909139491432157184,9.08847290361745e+17,You'd best bee-lieve we're buzzing over our homemade honey! ICYMI: My family and I recently took up beekeeping: https://t.co/kKrPf7VgOS https://t.co/wslc5DyQKJ,Florida is 100% focused on helping Monroe County get their residents home quickly and safely- see how here: https://t.co/kT2bIUqAX0 https://t.co/wnbkYAr9M0,221162525,Rick Scott,2017-09-16,2017,2,3,45.0
908876593598214145,9.08849279023943e+17,Our plan to repeal and replace #Obamacare returns power to the states where it belongs. https://t.co/8kBVT1Slmk,Our aggressive efforts to expedite fuel resupply has reduced by shortages by 60% https://t.co/VgjOpCj0DJ,41363507,Rick Scott,2017-09-16,2017,1,3,46.0
908859523162628096,9.08850924671483e+17,I've compiled a list of resources for Georgians recovering from Hurricane Irma on my website here: https://t.co/4tsq84R1Sp.,Gov. Scott issues updates on continued Hurricane Irma response efforts: https://t.co/mtvhCZBXz9,78403308,Rick Scott,2017-09-16,2017,2,2,48.0
909196078779650048,9.08851930751016e+17,Doing nothing is not an option. #GrahamCassidy -Heller-Johnson https://t.co/kIvBfR4o0K,"The best path forward is to pass #GrahamCassidy.

https://t.co/9zSoCqfzQC 

by @WSJopinion",55677432,Lindsey Graham,2017-09-16,2017,2,2,44.0
909106351611219968,9.08853943895314e+17,Unbelievable. Republicans are at it again with another effort to dismantle Americans’ health care. https://t.co/DTJMcyEG6S,.@FLDEPNews is mobilizing Beach Response Teams &amp; participating with assistance of @USACEHQ in efforts to expedite recovery of FL beaches.,18137749,Rick Scott,2017-09-16,2017,2,2,36.0
909070030511337473,9.08855957492346e+17,"Equifax is a perfect embodiment of what is wrong with the American economy. They harm you, you have to pay them to fix it. This is not ok.",".@VolunteerFla is working with Johnson &amp; Johnson to provide baby supplies, personal hygiene, and first-aid items to hurricane victims",47747074,Rick Scott,2017-09-16,2017,2,2,34.0
909046772470833152,9.08860738533564e+17,Went to thank volunteers at @nc_missions @CFMiami &amp; @RedCross for helping #Florida This morning they left for #FloridaKeys with hot meals https://t.co/XM9sU0gbKj,".@VolunteerFla's Community Emergency Response Teams are assisting special needs residents, managing shelters, and feeding first responders",15745368,Rick Scott,2017-09-16,2017,3,3,37.0
909034757257908224,9.08868763981934e+17,Are you following Sen Hatch on Instagram? Check out his story for highlights from this week in #OGhistory. #utpol https://t.co/z7fGAv8hko https://t.co/xxrEUT8FoK,RT @FLSERT: Hurricane #Irma Power Outage Numbers as of 9/15/2017 9 PM ET. PDF at: https://t.co/MdtDTxRJZf https://t.co/BpmOefjynM,262756641,Rick Scott,2017-09-16,2017,3,3,38.0
908859523162628096,9.0887641623783e+17,I've compiled a list of resources for Georgians recovering from Hurricane Irma on my website here: https://t.co/4tsq84R1Sp.,I‚Äôm directing @FloridaDBPR to make it easier for Floridians to rebuild following Hurricane Irma: https://t.co/tcAq1dWsAP,78403308,Rick Scott,2017-09-16,2017,2,2,49.0
908919172616396802,9.08876549583187e+17,"(3/?) where we are and where we are going. But today, in light of Charlottesville, there was a sense of urgency that we must do more",Families across the state are beginning to rebuild their homes &amp; businesses &amp; we must do all we can to help them recover quickly &amp; safely.,239548513,Rick Scott,2017-09-16,2017,3,1,38.0
908875528056094720,9.0888213067078e+17,"RT @womensmarch: Senate Republicans are trying to repeal the ACA once again.

We stopped TrumpCare before, and we'll do it again.
https://t…",".@VolunteerFla's @AmeriCorps members are serving in special needs shelters, supporting crisis hotlines, and providing cleanup activities",15808765,Rick Scott,2017-09-16,2017,2,2,34.0
908868580913090560,9.09018024992223e+17,RT @SenDuckworth: I intro’d several new bills—including 2 w/@SenCortezMasto—to protect Vets &amp; servicemembers who are immigrants → https://t…,.@VolunteerFla's @AmeriCorps teams continue to provide disaster response services to Floridians.,811313565760163844,Rick Scott,2017-09-16,2017,3,3,37.0
909020265719500805,9.0902159078402e+17,Finding America’s Lost 3% Growth https://t.co/HcmLJdquuL,Joining @hughhewitt on @MSNBC shortly. Tune in! https://t.co/gLjcLxnPke,13218102,Tom Cotton,2017-09-16,2017,3,3,44.0
909191487140843525,9.09024065385635e+17,"Good luck tonight, @LSUfootball! #geauxtigers",Happy birthday @RepStephMurphy!,816683274076614656,Kyrsten Sinema,2017-09-16,2017,3,3,24.0
909147940895232002,9.09024073048567e+17,"Again, Pope Francis, thank you for calling out the climate deniers. https://t.co/gJug1iTwde",Happy birthday @JoaquinCastroTX!,242555999,Kyrsten Sinema,2017-09-16,2017,3,3,29.0
909024075506368512,9.0902407623188e+17,This week I called Josephine Lauddan to wish her a very happy 100th birthday! #WV https://t.co/CIt6A6ZDeR,Happy birthday @RepAbraham!,234374703,Kyrsten Sinema,2017-09-16,2017,3,3,23.0
909034757257908224,9.09027024345473e+17,Are you following Sen Hatch on Instagram? Check out his story for highlights from this week in #OGhistory. #utpol https://t.co/z7fGAv8hko https://t.co/xxrEUT8FoK,RT @FLSERT: Hurricane #Irma Power Outage Numbers as of 9/16/2017 6 AM ET. PDF at: https://t.co/MdtDTxRJZf #FLResponds https://t.co/o2vm1KS8‚Ä¶,262756641,Rick Scott,2017-09-16,2017,3,3,38.0
909101040976490496,9.09035893826109e+17,To these 9 #Spartans: Thanks for making all of us in MI very proud with your dedication to the Houston relief effort https://t.co/lQ4DfCgmsU,.@VolunteerFla is working with multiple volunteer partners to coordinate and deploy volunteers to assist with #HurricaneIrma relief efforts,76456274,Rick Scott,2017-09-16,2017,2,2,36.0
909126018438443014,9.09040926466621e+17,"People willing to put their lives on the line for this country shouldn’t have to endure this kind of uncertainty. 
https://t.co/lSaVrrkMI1",My staff stopped by the Bluefield Coal Show to see hundreds of exhibitors showcase new innovative coal technology &amp; equipment. https://t.co/txsJgbvZZr,72198806,Shelley Moore Capito,2017-09-16,2017,3,3,38.0
909093015238709248,9.09042492653305e+17,The Tripoli (LHA-7) has been christened! Congratulations @USNavy and @HIIndustries. One step closer to #355Ships. https://t.co/ixVMC1ZGL8,Power has been restored to more than 5.6 million homes and businesses. https://t.co/9MUVvb5rvs,264219447,Rick Scott,2017-09-16,2017,3,3,46.0
909056808433700864,9.09045456621178e+17,Help is on the way this morning for #FloridaKeys. @nc_Missions &amp; @CFMiami just left with hot meals &amp; more to come in days ahead. Thank you! https://t.co/UGx6vEUphE,.@FLHSMV is waiving certain driver license &amp; motor vehicle service fees for individuals impacted by Hurricane Irma: https://t.co/WxjxxUVi3p,15745368,Rick Scott,2017-09-16,2017,2,2,42.0
909087700774522886,9.09047998650314e+17,RT @masslivenews: State begins $350 million project to expand Boston Harbor for larger ships https://t.co/m5KZyPac92 https://t.co/BD1vTgllKe,"RT @12News: TODAY: 12 News is working w/ Salvation Army to collect, transport, distribute supplies to survivors. https://t.co/1pIUZ8Ekfu ht‚Ä¶",21406834,Kyrsten Sinema,2017-09-16,2017,2,3,39.0
909117890296762370,9.09071507820818e+17,Don't miss Senator Hatch's week in review story on Instagram! #utpol https://t.co/z7fGAv8hko https://t.co/dQIS5pizSv,"For those who wish to aid in #Irma relief, visit: https://t.co/HS9RUSHO1X or https://t.co/WuJWcOZVPv. You can also call 1-800-FL-Help-1.",262756641,Pat Toomey,2017-09-16,2017,2,2,39.0
909121222293651457,9.09094781174927e+17,Congress owes it to #smallbiz &amp; middle class families everywhere to enact comprehensive #taxreform. #Jobs https://t.co/2lr8a98Wwm,Listened to caregivers at Dementia Friendly Tempe's Success Stories event. Their experiences shape our work to support Arizona caregivers. https://t.co/kBNj439F36,18915145,Kyrsten Sinema,2017-09-16,2017,1,1,41.0
909191339216076800,9.09099107129507e+17,@POTUS Bipartisan effort to improve health care ongoing but Trump &amp; some in @SenateGOP continuing 7 year crusade to destroy our health care system.,Spoke w leaders of MO law enforcement this AM who are keeping peace in STL. Doing amazing job. Thx for your service #JasonStockleyverdict,247334603,Josh Hawley,2017-09-16,2017,3,3,37.0
909127704645169159,9.09100200031019e+17,"If we invest in #cleanenergy jobs &amp; transition oil/coal workers, we can grow the economy AND fight #climatedisruption. #CFESummit https://t.co/ZVV5XewbZW",Let's be clear: vandals &amp; looters who use protests as excuse for crime should be prosecuted. #JasonStockleyverdict,223166587,Josh Hawley,2017-09-16,2017,1,1,36.0
909124735442804741,9.09100587119022e+17,"Affordable child care is not only the right thing to do for working families, but also a smart investment in our children, future &amp; economy.","I call on STL Circuit Atty to fully enforce laws against vandalism, looting, assault &amp; rioting. Keep citizens safe #JasonStockleyverdict",158470209,Josh Hawley,2017-09-16,2017,1,1,34.0
909020265719500805,9.09103715356778e+17,Finding America’s Lost 3% Growth https://t.co/HcmLJdquuL,#STLVerdict #JasonStockleyverdict https://t.co/bmqNpbq9fM,13218102,Josh Hawley,2017-09-16,2017,2,2,42.0
909113440060497920,9.09107147685945e+17,"Tomorrow is #ConstitutionDay, a day to celebrate the document that secures our rights &amp; liberties &amp; unites us all: https://t.co/6bQdCAw4TQ",Americans want a #FlatterFairerSimpler tax code that grows jobs &amp; lets them keep more of their hard-earned paychecks https://t.co/MJhfKj90x2 https://t.co/fz0j9B8kCX,486694111,Marsha Blackburn,2017-09-16,2017,1,1,39.0
909087700774522886,9.0912189051351e+17,RT @masslivenews: State begins $350 million project to expand Boston Harbor for larger ships https://t.co/m5KZyPac92 https://t.co/BD1vTgllKe,"RT @HealthyFla: For all water quality issues and questions, please consult your county health department: https://t.co/oDMaXFEkcS https://t‚Ä¶",21406834,Rick Scott,2017-09-16,2017,2,2,43.0
909162716090249216,9.09122147498504e+17,RT @FEMARegion6: NEW DRC in Jefferson Co @ Christus St Mary Hospital! Visit https://t.co/L0Z8bqTXrU or call 800-621-FEMA for more info #Har…,"RT @FLHSMV: UPDATE: U.S. 41 has reopened to traffic. See https://t.co/G2VbfEi6M9 for real time traffic updates, road closure and detours. #‚Ä¶",1074480192,Rick Scott,2017-09-16,2017,2,2,36.0
909137816415801347,9.09123316396494e+17,Learn about the lives of the brave NDans who gave their lives during Vietnam War on my interactive webpage: https://t.co/d0cG6s4zx1,I directed AHCA &amp; DOEA to issue emergency rules to keep Floridians safe in healthcare facilities during emergencies. https://t.co/yyXXDcM1be,1061029050,Rick Scott,2017-09-16,2017,2,2,43.0
909016564057411584,9.09123385493467e+17,"RT @NPPC: We agree @TexasPork! Thank you Senator @JohnCornyn for meeting with our producers this week to talk trade, FMD, regulatory reform…",I will also aggressively fight for legislation to put this requirement into law in the 2018 Legislative Session.,13218102,Rick Scott,2017-09-16,2017,2,2,37.0
909133539865657345,9.09123622891073e+17,.@BadgerFootball is on the road this week taking on @BYUfootball. Good luck Badgers! We'll be cheering for you back home! #OnWisconsin,I am outraged over the deaths at Rehabilitation Center at Hollywood Hills. We must understand their decision to keep patients in danger.,1074518754,Rick Scott,2017-09-16,2017,1,1,36.0
909190178698399744,9.09123681028395e+17,"800,000 young adults and children were brought into the country by their parents with no say in the matter. We must fight for them.","As ANY health care provider knows to do, if their patients are in danger ‚Äì they MUST call 911.",308794407,Rick Scott,2017-09-16,2017,1,1,40.0
909105518752485376,9.09144233789009e+17,The Rs are back trying to take away health care for millions of Americans with the worst plan yet! Time to activate one more time!,I'm getting feedback on how we can reform and strengthen the National Flood Insurance Program,76456274,Chris Murphy,2017-09-16,2017,2,1,36.0
909069378410426368,9.09158954692886e+17,We must hold @Equifax accountable. Read my plan and sign on to add your support right now: https://t.co/lmCM5O3Yo2,Was your data compromised in the Equifax data breach? Read our newsletter for info on how to protect your identity: https://t.co/fuc8uF9TAg,24768753,Kyrsten Sinema,2017-09-16,2017,1,1,47.0
909061964806197250,9.09171019218345e+17,NJ'ans always help out. Proud of NJ Air Guard from @jointbasemdl for volunteering to help #HurricaneIrma victims https://t.co/TTm9t2ot5W,RT @FLSERT: For Keys related information from Monroe County Emergency Management see https://t.co/D3T1f9U9hn,18695134,Rick Scott,2017-09-16,2017,2,2,42.0
908859523162628096,9.09175980094377e+17,I've compiled a list of resources for Georgians recovering from Hurricane Irma on my website here: https://t.co/4tsq84R1Sp.,RT @FLSERT: Florida Hurricane #Irma Power Outage Numbers as of 9/16/2017 6:00 PM ET. PDF at: https://t.co/MdtDTxRJZf #FLResponds https://t.‚Ä¶,78403308,Rick Scott,2017-09-16,2017,3,3,38.0
908859523162628096,9.09176174819069e+17,I've compiled a list of resources for Georgians recovering from Hurricane Irma on my website here: https://t.co/4tsq84R1Sp.,Gov. Scott Issues Updates on Continued Hurricane Irma Response Efforts: https://t.co/Pdx0t3RaSC,78403308,Rick Scott,2017-09-16,2017,2,2,52.0
908858477694636032,9.0917629792609e+17,"Congress must swiftly pass the #DreamAct. It’s the right thing to do. 800,000 Dreamers know no other home.",US 41 bridge at the Santa Fe River is now open.,30354991,Rick Scott,2017-09-16,2017,2,2,35.0
908859523162628096,9.09178213628354e+17,I've compiled a list of resources for Georgians recovering from Hurricane Irma on my website here: https://t.co/4tsq84R1Sp.,.@FloridaAPD has created a Recovery Toolkit with vital resources to recover from Hurricane Irma. Visit: https://t.co/yc38Bu4q8F,78403308,Rick Scott,2017-09-16,2017,2,2,58.0
909143770666586112,9.09186472636506e+17,"Sat down with mayors, insurance agents, realtors, &amp; resiliency experts in #WestHaven to talk about flood insurance https://t.co/pjySIwbAXq",Met with state &amp; local leaders in Sebring to discuss #HurricaneIrma response and recovery today. https://t.co/YH9tjrK3xl,150078976,Rick Scott,2017-09-16,2017,2,2,44.0
909416367467634688,9.09207676957134e+17,RT @endrapeoncampus: 29 Senators just stood up for the preservation of Title IX 👏👏👏 https://t.co/bLapjLmfIM,RT @govtrack: S. 1393 by @JohnCornyn passed the Senate y‚Äôday (‚ÜíHouse). Jobs for Our Heroes Act https://t.co/d4U2hRSMHH üèõÔ∏è,72198806,John Cornyn,2017-09-17,2017,2,2,40.0
909417900347461632,9.09386453938925e+17,Happy birthday @ChuckGrassley! https://t.co/gOJFt9QtFo,Happy birthday Sen. @ChuckGrassley!,78403308,Kyrsten Sinema,2017-09-17,2017,3,3,67.0
909470905407066114,9.09425091397738e+17,RT @dcexaminer: Preserving the Constitution means putting DACA in Congress' hands https://t.co/samIoVXEb2 by @SenatorRounds https://t.co/8o…,RT @monroecounty: Check our website for the latest information &amp; how you can help in recovery efforts. https://t.co/2BS1Pv2f1v #KeysRecover‚Ä¶,2955485182,Rick Scott,2017-09-17,2017,2,2,41.0
909443332467605504,9.09434723583307e+17,Drug overdoses are the #1 cause of accidental death in America. This epidemic affects every community: https://t.co/gVKyMzltHk #STOPAct,"RT @FLSERT: Avoid floodwaters as they may contain raw sewage, sharp objects and/or downed power lines #FLResponds https://t.co/7cgxJgVZGy",18915145,Rick Scott,2017-09-17,2017,2,1,40.0
909507656154599425,9.09435026042785e+17,The #Equifax hack is extremely concerning &amp; we must act now to protect consumers. My op-ed in the @Salem_Statesman: https://t.co/YnwG8KtZy7,Individual assistance through though @fema is now available for 48 FL counties. More info at https://t.co/T6NYhRVkGe,29201047,Rick Scott,2017-09-17,2017,2,2,41.0
909469383130464256,9.09440057060188e+17,I joined @chucktodd on @MeetThePress this morning to discuss DACA. WATCH: https://t.co/a2oK3yWv4D,"For up-to-date info on boil water notices, visit https://t.co/GbA1KvI2rE",968650362,Rick Scott,2017-09-17,2017,1,1,43.0
909461315181273088,9.09445454185803e+17,"Spending cuts to the military put our service members' lives at risk. We must rebuild the military, starting by passing the #FY18NDAA. https://t.co/KW70YuMQXa","RT @HealthyFla: Use mosquito repellent after #Irma. Remember to drain pots, garbage cans &amp; other items that hold standing water. #DrainandC‚Ä¶",19394188,Rick Scott,2017-09-17,2017,1,2,35.0
909454360089890816,9.09446600694448e+17,"OTDIH 1787: our founders signed the Constitution, a first step in what has become the greatest experiment in self-governance. https://t.co/kpS5qvfLLB",Do not try to handle downed power lines. Contact your local utility company to report it.,221162525,Rick Scott,2017-09-17,2017,1,1,34.0
909514299298713600,9.09449873396764e+17,Republicans' latest version of Trumpcare would raise costs for patients &amp; families &amp; gut medicaid. Keep making your voices heard!,The Florida Emergency Information Line is available for Floridians &amp; visitors 24/7 at 1-800-342-3557,158470209,Rick Scott,2017-09-17,2017,3,3,32.0
909232487829827584,9.09452136613892e+17,Honored to meet first responders fighting the #ChetcoBarFire. I’ll keep working to secure more resources for firefighting &amp; recovery. https://t.co/Ol1pkU8100,Thank you to every first responder working to keep Floridians safe. With @MarcoIslandPD now to tour local impacts. https://t.co/gNmQ1Hee8u,223166587,Rick Scott,2017-09-17,2017,3,3,45.0
909455172283269120,9.09454331237273e+17,"RT @Panthers: GAMEDAY! #KeepPounding

Everything you need to know: https://t.co/cGMCODn9aw https://t.co/T5EYwMXd4R",RT @FLSERT: Florida Hurricane #Irma Power Outage Numbers as of 9/17/2017 12:00PM ET. PDF at: https://t.co/MdtDTxRJZf https://t.co/5N5Xz598r‚Ä¶,2964174789,Rick Scott,2017-09-17,2017,3,3,39.0
909552583999553536,9.09454408110415e+17,They won't stop until the end of September. We cannot stop until the end of September. https://t.co/ONTMMgmh68,"Info on how to go about taking these steps, and more, can be found here: https://t.co/1LjYW1ay55",47747074,Ben Cardin,2017-09-17,2017,3,3,46.0
909514299298713600,9.09454423969148e+17,Republicans' latest version of Trumpcare would raise costs for patients &amp; families &amp; gut medicaid. Keep making your voices heard!,RT @SCNationalGuard: #SCGuard Soldiers in Pasco #Florida assist w/ donations for residents impacted by #Irma. #neighborshelpingneighbors @F‚Ä¶,158470209,Rick Scott,2017-09-17,2017,3,2,35.0
909546273912614913,9.09455662207209e+17,"“Wouldn’t you pay $7 a year to get money out of politics?” A great conversation with @ChelseaHandler.
https://t.co/C292hW1gLa","To find a nearby point of distribution with emergency supplies, such as meals and water, visit https://t.co/zhBi8Db69j",72198806,Rick Scott,2017-09-17,2017,2,2,44.0
909521342088777728,9.09461925934895e+17,We the People. https://t.co/7cf0TWs1O9,It's hard to improve on the original. https://t.co/QYcqbH9Ybl,41363507,Kevin Cramer,2017-09-17,2017,3,3,51.0
909507656154599425,9.09462958840832e+17,The #Equifax hack is extremely concerning &amp; we must act now to protect consumers. My op-ed in the @Salem_Statesman: https://t.co/YnwG8KtZy7,Stopped by Kirk Fish Co. in Marco Island - We‚Äôre committed to getting families &amp; businesses back to work quickly &amp; safely. https://t.co/5AQbKYVMTu,29201047,Rick Scott,2017-09-17,2017,1,1,39.0
909465306027954185,9.09465104617545e+17,.@NIROPE and friends at today's Alzheimer's walk. https://t.co/5HtRcYCoeL,Just Dance kids at Walk to End Alzheimer's in Newport today. https://t.co/CHQ961Z05s,242555999,Sheldon Whitehouse,2017-09-17,2017,3,3,56.0
909401553865293824,9.09468890702467e+17,"I hope your birthday is as great as your love for ice cream. Happy Birthday to my dear friend, Senator @ChuckGrassley! https://t.co/QlJ6NJfHVa","Get help with federal agencies at #MobileOfficeHours Thursday, Sept. 21, 1:00-2:30pm, Chandler Sunset Library (4930 W. Ray Rd., Chandler). https://t.co/xVnp0GYh2o",2856787757,Kyrsten Sinema,2017-09-17,2017,2,2,36.0
909511534531014657,9.09469792716935e+17,Today we celebrate the words that have kept our country together through 230 yrs of challenges &amp; accomplishments. https://t.co/VITZoY958C,"RT @fl511_state: Updated: Flooding in Alachua on US-27 north at North Of High Springs, all lanes blocked. Last updated at 01:24:49PM. https‚Ä¶",18061669,Rick Scott,2017-09-17,2017,2,2,33.0
909454904292339712,9.09469868461842e+17,Our National Guard deserves the same retirement benefits as other service members. @WSAZnews has more on my efforts: https://t.co/dOjYgMlqq7,"RT @femaregion4: #FL, don't wait to clean up storm damage. Document damage with photos or videos. #Irma https://t.co/4nukB6nQ70",193794406,Rick Scott,2017-09-17,2017,2,3,40.0
909461981459091456,9.09478579188224e+17,Text FEARLESS to 225568 now to get #TeamKamala updates from Capitol Hill and the Golden State.,"RT @FLHSMV: UPDATE: U.S. 27 has reopened to traffic. See https://t.co/G2VbfEi6M9 for real time traffic updates, road closure and detours. #‚Ä¶",30354991,Rick Scott,2017-09-17,2017,2,2,33.0
909473164073332736,9.09482189829615e+17,#MedicareForAll means middle class families would save thousands of dollars. It’s financially smart and the moral thing to do. https://t.co/MPNxzJugz8,With local leaders in Everglades City to tour impacts of Hurricane Irma in the community. https://t.co/NbdpxNE3om,29442313,Rick Scott,2017-09-17,2017,3,3,45.0
909441163962306562,9.09490868821905e+17,"OTD in September 1787, the Constitution was signed by 39 delegates creating the foundation of our great nation's rule of law. https://t.co/F4wd6wx3a4",RT @FHPTrooper_SWFL: FHP Troopers visited Kirk's Fish Market on Marco Island to tour storm damage w/ @FLGovScott  #FHP https://t.co/1oxJmeZ‚Ä¶,1074480192,Rick Scott,2017-09-17,2017,3,3,36.0
909455172283269120,9.0949597419162e+17,"RT @Panthers: GAMEDAY! #KeepPounding

Everything you need to know: https://t.co/cGMCODn9aw https://t.co/T5EYwMXd4R",RT @FLSERT: Florida Hurricane #Irma Power Outage Numbers as of 9/17/2017 3:00 PM ET. PDF at: https://t.co/MdtDTxRJZf https://t.co/5N5Xz598r‚Ä¶,2964174789,Rick Scott,2017-09-17,2017,3,3,39.0
909459517817151488,9.09499438850297e+17,We must find common ground to improve care &amp; lower costs now—families in WA &amp; nationwide are counting on it. https://t.co/VRHgmhChwA,90% of power outages in homes and business statewide have been restored: https://t.co/yxtgl1n4c4,293131808,Rick Scott,2017-09-17,2017,2,2,42.0
909437511621074944,9.0949971859784e+17,everyone in #Florida should take a few minutes 2day to plan JUST IN CASE find ourselves with threat from a #HurricaneMaria later this week https://t.co/hJhwN0ewFE,See updates on Florida‚Äôs continued Hurricane Irma response efforts here: https://t.co/Lhz9nfzlWe,15745368,Rick Scott,2017-09-17,2017,2,2,43.0
909459517817151488,9.09505375774396e+17,We must find common ground to improve care &amp; lower costs now—families in WA &amp; nationwide are counting on it. https://t.co/VRHgmhChwA,".@PortEverglades, @PortCanaveral, @JAXPORT, &amp; @PortTampaBay continue to accept fuel &amp; FHP is actively escorting resupply trucks across FL.",293131808,Rick Scott,2017-09-17,2017,2,2,32.0
909508577655709696,9.09508585016713e+17,The recent storms have made one thing even clearer: mobile access to .gov websites is more important than ever. https://t.co/M7rmbTyCaj,We continue to take aggressive efforts to expedite refueling statewide- more information can be found here: https://t.co/VgjOpCj0DJ,946549322,Rick Scott,2017-09-17,2017,1,1,44.0
909507656154599425,9.09514741692985e+17,The #Equifax hack is extremely concerning &amp; we must act now to protect consumers. My op-ed in the @Salem_Statesman: https://t.co/YnwG8KtZy7,"The London attack is a reminder that we must not only remain vigilant, but also proactive in border security &amp; defense of our homeland. https://t.co/QPPjVawFEe",29201047,James Lankford,2017-09-17,2017,1,1,42.0
909499962446143489,9.09516935141969e+17,We need to make changes in the tax code that will increase take-home pay for hardworking families https://t.co/EgzYN9zmJl,RT @USNavy: FL Gov. Rick Scott thanks #USNavy Sailors from #USSIwoJima for recovery efforts following Hurricane #Irma - https://t.co/W7wTAS‚Ä¶,21269970,Rick Scott,2017-09-17,2017,3,3,38.0
909475575265468417,9.0951857910786e+17,"This #ConstitutionDay, let's recommit to the work of forming a more perfect union- rooted in cooperation, liberty &amp; respect for rule of law.",".@MyFWC has 41 additional officers, including Special Operations Group, in Monroe County, to continue operations in the Keys.",278124059,Rick Scott,2017-09-17,2017,2,2,39.0
909424202725429248,9.09518754081644e+17,"On #ConstitutionDay, let us reflect on the core principles established in our Constitution &amp; all those who serve our nation to defend it. https://t.co/LAvP6Q5OCf",".@MyFWC officers are providing public safety patrols in Colombia, Alachua, Gilchrist &amp; Suwannee Counties due to Santa Fe River flooding.",2856787757,Rick Scott,2017-09-17,2017,2,1,32.0
909485612805316614,9.0952598723432e+17,"We must be working together to fix health care for patients and families – not sabotaging it.
https://t.co/zPJ0yobUsr",.@FEMA Disaster Recovery Centers are opening throughout FL where impacted residents can apply for assistance- visit https://t.co/yukltuyum9,158470209,Rick Scott,2017-09-17,2017,2,2,44.0
909468745474510848,9.09532202618277e+17,"Make sure you have a strong password - that means 8+ characters, mix numbers, symbols, &amp; letters, &amp; change it for each site #CyberSunday",".@SalvationArmyUS currently has field kitchens located in Ft. Myers, Naples &amp; Marathon.",1061029050,Rick Scott,2017-09-17,2017,2,2,35.0
909433344030593024,9.09536160141266e+17,"From nationwide Women's Marches, to spontaneous demonstrations against the Muslim ban &amp; stopping repeal of the ACA, people power works",17 @RedCross Emergency Response Vehicles are surveying impacted areas in the Keys &amp; distributing food to community members.,172858784,Rick Scott,2017-09-17,2017,2,2,35.0
909455172283269120,9.09538121771098e+17,"RT @Panthers: GAMEDAY! #KeepPounding

Everything you need to know: https://t.co/cGMCODn9aw https://t.co/T5EYwMXd4R",RT @FLSERT: Florida Hurricane #Irma Power Outage Numbers as of 9/17/2017 6:00 PM ET. PDF at: https://t.co/MdtDTxRJZf https://t.co/5N5Xz598r‚Ä¶,2964174789,Rick Scott,2017-09-17,2017,3,3,39.0
909435284034588672,9.09539047370055e+17,"Good reason for growing impatience on both sides of the aisle. Pick up pace, square with Special Counsel. https://t.co/fEZ0pkZsk3",59 Florida State Parks have reopened for day-use only- a list of remaining park closures can be found here: https://t.co/7BAaeLBWZS,278124059,Rick Scott,2017-09-17,2017,2,2,46.0
909525120955318272,9.09543841673433e+17,"These immigrants wanted to serve our nation. They deserve that opportunity. 
https://t.co/yUTMeSUmq0",The @FLDEO FL Small Business Emergency Bridge Loan Program is activated to support business impacted by #Irma- visit https://t.co/VqNVBCnjrF,30354991,Rick Scott,2017-09-17,2017,2,2,38.0
909454904292339712,9.09547961134305e+17,Our National Guard deserves the same retirement benefits as other service members. @WSAZnews has more on my efforts: https://t.co/dOjYgMlqq7,".@FLDEO has launched the Disaster Unemployment Assistance Program. For more info, visit https://t.co/Md7i5ZjYM4",193794406,Rick Scott,2017-09-17,2017,2,2,45.0
909892428676702208,9.09578231447158e+17,Yes. https://t.co/9cXUjkV1XF,Preach. https://t.co/J0HLwXGarp,7429102,Chris Murphy,2017-09-18,2017,3,3,58.0
909916897382150145,9.09579675990724e+17,"The Senate just passed the #NDAA, a key bill to promote national defense across the nation &amp; here in Oklahoma. Read: https://t.co/OnJ5uwMrUc","#AZ09 students: Interested in becoming a U.S. Service Academy nominee? Apply here by Friday, October 6: https://t.co/M8r8eLfoMx",7270292,Kyrsten Sinema,2017-09-18,2017,3,3,38.0
909803558706585601,9.09585859921489e+17,RT @CAPAction: This is unacceptable. Call key members of Congress TODAY! https://t.co/mBlNjzIrt8 https://t.co/3yqRpZfsad,RT @FLSERT: Florida Hurricane #Irma Power Outage Numbers as of 9/17/2017 9:00 PM ET. PDF at:  https://t.co/MdtDTxRJZf #FLResponds https://t‚Ä¶,15808765,Rick Scott,2017-09-18,2017,3,3,39.0
909783111625355264,9.09585934286548e+17,RT @CAPAction: Use https://t.co/faaDibDgLC to fight back! #ProtectOurCare https://t.co/jSXjfWuxzt,RT @FLSERT: Visit https://t.co/Dn8xfWBr2W for available resources in your area #FLResponds,2167097881,Rick Scott,2017-09-18,2017,2,2,36.0
909803558706585601,9.0976418888876e+17,RT @CAPAction: This is unacceptable. Call key members of Congress TODAY! https://t.co/mBlNjzIrt8 https://t.co/3yqRpZfsad,RT @FLSERT: Florida Hurricane #Irma Power Outage Numbers as of 9/18/2017 8:51 AM https://t.co/GOsp3adxLl,15808765,Rick Scott,2017-09-18,2017,3,3,38.0
909801554504486912,9.09764509228765e+17,RT @CRVT_: Subscribe to the Center for Research on Vermont's newsletter for up to date research on this unique state! https://t.co/By5pfxWO…,RT @FLSERT: Stay in the know! Follow your county emergency management's social accounts #FLResponds https://t.co/4iovW2HqKx,242836537,Rick Scott,2017-09-18,2017,2,1,41.0
909900012305469440,9.0977743429539e+17,.@SenateGOP doesn't seem to care that Americans have already rejected #Trumpcare. They've brought it back — and it's the worst one yet. https://t.co/bQ71ay5eJw,I‚Äôm joining state and @monroecounty leaders to talk about how we can help FL Keys residents get back on their feet. https://t.co/KtqLZaWnd8,247334603,Rick Scott,2017-09-18,2017,1,1,45.0
909796463957434368,9.09785251290976e+17,"The #ACA is still under attack - don’t stop calling your senators, don’t stop voicing your support",RT @FLSERT: Drain standing water to stop mosquitoes from multiplying/ Drene el agua estancada para prevenir la cria de mosquito.,15324851,Rick Scott,2017-09-18,2017,3,1,35.0
909864737432903680,9.09785314402676e+17,I'm urging China &amp; 20 other countries to cease official diplomatic &amp; economic relations w/ #NorthKorea. More here: https://t.co/UMzoSOurZa,RT @FLHSMV: FLOWs are in Collier &amp; Lee counties to provide services to customers impacted by #Irma. Click the image for locations! @FHPTroo‚Ä¶,235217558,Rick Scott,2017-09-18,2017,2,2,38.0
909885679198461952,9.09789862047436e+17,I don't understand why they think it's good politics to inflict pain on their constituents.,"Since Saturday, @SalvationArmyUS has served more than 13,000 hot meals throughout Monroe County from their staging area in Marathon.",47747074,Rick Scott,2017-09-18,2017,3,3,34.0
909863814019129350,9.09794163138244e+17,"Temp workers, contractors &amp; subcontractors are often paid lower wages &amp; provided less job security, fewer benefits &amp; fewer legal protections",".@FLGuard has 270 personnel operating 7 points of distribution in Monroe County to provide supplies, such as food &amp; water.",43910797,Rick Scott,2017-09-18,2017,3,3,38.0
909842961374081024,9.09795403599511e+17,#GrahamCassidy is just another repeal plan to make things worse with more uninsured Americans and higher health costs.,"FHP continues escort delivery of relief supplies to the FL Keys, such as food to local supermarkets and resources with @RedCross",1074518754,Rick Scott,2017-09-18,2017,2,2,38.0
909799295448240133,9.09800524320567e+17,I was honored to welcome nine servicemembers and Veterans to our country for the first time as citizens last week https://t.co/fixBHqan1n,RT @FLDEO: You will not have to recover from #HurricaneIrma on your own. View the variety of Disaster Recovery Programs DEO offers: https:/‚Ä¶,1058520120,Rick Scott,2017-09-18,2017,2,2,39.0
909817297837027333,9.0980066138619e+17,#TaxReform will enhance growth in our state and provide more job opportunities for West Virginians. Here's how: https://t.co/pL0eEDnV7N,"RT @monroecounty: Keys remain under boil water notice; state DOH offers guidelines for drinking water safety.
https://t.co/nNu19uVHvV https‚Ä¶",193794406,Rick Scott,2017-09-18,2017,1,1,40.0
909889500540583936,9.09802951107002e+17,"Americans want Congress to improve the ACA, not rip it to shreds. #GrahamCassidy must be met with the same fierce resistance we saw in July.",FHP has six troopers assigned to the Key West Police Department to assist with area law enforcement.,278124059,Rick Scott,2017-09-18,2017,3,2,40.0
909799102241787905,9.09803563085377e+17,"His Home Flooded, the Port Arthur Mayor Puts His City First - https://t.co/GhuUcKm6LK https://t.co/uFYDTFApj5",Congress is moving forward with tax reform. Here's what you need to know --&gt; https://t.co/JZ6FL0fOfn https://t.co/JHcYo0Gpiw,13218102,Kevin Cramer,2017-09-18,2017,2,2,43.0
909787670880178176,9.09805547381231e+17,"RT @usairforce: On this day 70 years ago, the #AirForce became an official branch of the United States military! Happy #AFBday to our #Tota…","RT @SecPriceMD: We're in Marathon, #Florida today visiting with @FLGovScott &amp; local officials. #HHS is proud to support #Irma response &amp; re‚Ä¶",1074480192,Rick Scott,2017-09-18,2017,2,2,37.0
909803558706585601,9.09810524296228e+17,RT @CAPAction: This is unacceptable. Call key members of Congress TODAY! https://t.co/mBlNjzIrt8 https://t.co/3yqRpZfsad,RT @FLSERT: Florida Hurricane #Irma Power Outage Numbers as of 9/18/2017 12:00 PM ET. Latest PDF at: https://t.co/MdtDTxRJZf  #FLResponds h‚Ä¶,15808765,Rick Scott,2017-09-18,2017,3,3,36.0
909875443616157696,9.09820644258435e+17,"Yup. Because it's a car wreck of a bill and if we focus on politics only, no one will know before it's too late. https://t.co/JDvHOkjtUi",Tolls remain suspended as we focus on recovery efforts. We will keep all Floridians updated.,150078976,Rick Scott,2017-09-18,2017,3,3,39.0
909864737432903680,9.0982381722846e+17,I'm urging China &amp; 20 other countries to cease official diplomatic &amp; economic relations w/ #NorthKorea. More here: https://t.co/UMzoSOurZa,At @ChiPubschools‚Äô Phoenix Military Academy discussing the #DreamAct &amp; the many contributions of Dreamers in our military &amp; JROTC programs https://t.co/htD1SZVDpe,235217558,Dick Durbin,2017-09-18,2017,2,2,40.0
909826812603224065,9.09826532063014e+17,"Happy 70th birthday to the @usairforce! Thanks for all you do to protect our nation. Fly, fight, win! #AFBday https://t.co/XEQRLrEBRF",Happy 70th Birthday to the @usairforce! Thank you for continuing to protect our nation and the freedoms we hold dear. https://t.co/5dvuFimnrd,2863210809,Joni Ernst,2017-09-18,2017,3,3,69.0
909794297310060544,9.09828841853587e+17,Graham-Cassidy ACA repeal bill is a threat to the h/c of millions of Americans –we need to oppose it w/all we’ve got https://t.co/McClCwrMAw,#ClimateChange is real. Removing mention of it from #NM schools stops development of leaders we need to combat it. https://t.co/WixMk7ZZRe,15324851,Martin Heinrich,2017-09-18,2017,1,1,42.0
909794703423438848,9.09829264697995e+17,Happy birthday @usairforce! Thank you to all the #airmen for 70 years of service! #AimHigh #AFbday https://t.co/kuxMPOGNCf,"Happy birthday, @usairforce! Thank you for 70 years of service. https://t.co/FxbkQnAtFd",225921757,Kyrsten Sinema,2017-09-18,2017,3,3,73.0
1249754220938608644,1.24977842826348e+18,"It’s simple: workers at our hospitals, grocery stores, pharmacies and more should get premium pay for putting their lives on the line during the coronavirus pandemic.
https://t.co/bVqQGIsOi8","Despite calls for federal government to issue nationwide stay-at-home guidelines, Braun said that the nation‚Äôs states, cities &amp; towns should be making those decisions. Instead, national leaders should continue to focus on getting economy back on its feet.
https://t.co/sOSwhBp2AQ",293131808,Mike Braun,2020-04-13,2020,1,1,38.0
1249741487983730688,1.2497880448379e+18,"Our seniors are most at risk to severe complications from #COVIDー19. They need resources from our public health officials to ensure their safety and well-being is maintained.

https://t.co/DM2AmHJ92r",".@FUSEMakerspace and @MakerHubAFRLNM are reaching out to New Mexico manufacturers wanting to donate supplies during the #COVID19 crisis. On Friday, April 17 from 10 a.m. to 2 p.m., they will be accepting drop-off donations of 3D-printed face shields and the supplies to make them. https://t.co/X2xMSpaXAj",1017500185356853248,Martin Heinrich,2020-04-13,2020,3,3,35.0
1249727667605245954,1.24979442858952e+18,"Heartbreaking levels of gun violence in Chicago last week. My prayers are with the victims &amp; their families. 
https://t.co/ePYayNqH0h","üö®Attention Monroe residents üö®

Free tarps are available at Carver Elementary School and the Public Safety Center until 5 p.m. today for those impacted by yesterday's storms. https://t.co/ebgatVtzpi",247334603,Bill Cassidy,2020-04-13,2020,3,3,36.0
1249767307192102912,1.24979478552055e+18,"China's Communist regime continues to push their disinformation campaign. They unleashed the Wuhan coronavirus on the world and they must be held accountable.
https://t.co/X8MjViwVtb","As more and more Americans lose their jobs because of the coronavirus pandemic, which often also means losing their health insurance, the Trump Administration must do more to ensure these families know their options to get covered. https://t.co/Qp2YGmRhkL",1152598802873880576,Patty Murray,2020-04-13,2020,1,1,38.0
1249695284298502146,1.24981601539716e+18,"RT @GovernorGordon: We have confirmed 70 new cases of COVID-19 in Wyoming in the past 7 days, and there are now confirmed cases in all but…","RT @JohnCarneyDE: To be clear: We still have a situation in DE that is getting worse.

Infections of COVID-19 and hospitalizations are risi‚Ä¶",1136711154435207168,Chris Coons,2020-04-13,2020,1,1,38.0
1249727667605245954,1.24982595587241e+18,"Heartbreaking levels of gun violence in Chicago last week. My prayers are with the victims &amp; their families. 
https://t.co/ePYayNqH0h","Heartbroken to hear that Apolonio Milosevic, one of the janitors in my Newark office for 20+ years, lost a brave battle to #COVID19 last week. I'm keeping the Milosevic family and the Gateway team in my prayers at this time.",247334603,Bob Menendez,2020-04-13,2020,3,3,34.0
1249713559875051522,1.2498447428731e+18,"RT @SenateGOP: → 834,404 loans

→ $206B of $350B already used

→ Over 15 million small business jobs saved

The bipartisan #PaycheckProtect…","RT @SenateGOP: #ùôøùôøùôø ùöÑùôøùô≥ùô∞ùöÉùô¥: ùô∞ùöôùöõùöíùöï ùü∑ùüπ

‚Üì‚Üì‚Üì

927,810 loans approved

4,560 lenders

$225 billion total loan value

15 million+ small business‚Ä¶",600463589,Tim Scott,2020-04-13,2020,3,3,36.0
1249867625317969920,1.24984985371205e+18,HAPPENING NOW! Join me for Congress from my Casa where I’ll be answering your questions on #COVID19 here -&gt; https://t.co/UYK4npFK5C,"ONE MORE HOUR! Congress from my Casa starts at 7 pm MST. I‚Äôll be answering your questions about #COVID19. Reply with your questions below using the hashtag #CongressFromMyCasa, or ask them when we go live here -&gt; https://t.co/z5rDE8uS3i",19318314,Ben Ray Lujan,2020-04-14,2020,1,3,51.0
1250087858624434182,1.24985964890518e+18,"❗Don't Forget: Tonight at 7 PM I'm hosting a telephone town hall with @SenatorShaheen to answer your #COVID19 questions.
 
Sign up now to receive a call: https://t.co/6eWVEveWR9","üìû@SenatorShaheen and I will be hosting a telephone town hall tomorrow ‚Äî Tuesday, April 14th ‚Äî at 7 PM to answer your #COVID19 questions.
 
Sign up to receive a call: https://t.co/6eWVEveWR9",946549322,Maggie Hassan,2020-04-14,2020,3,3,71.0
1250184570995118083,1.2500582327621e+18,The Trump Administration must do everything it can to help those who have lost their jobs during this pandemic access the unemployment benefits their families need. https://t.co/yT4SQQTbhy,"The Trump administration bungled distributing critical medical supplies &amp; equipment to those fighting #COVID19 on the front lines. 

That‚Äôs why I‚Äôve joined with @SenJackReed &amp; other Democrats to ask VP Pence what‚Äôs being done to fix the problem. 
https://t.co/y1xSGGRfZk",158470209,Sheldon Whitehouse,2020-04-14,2020,2,2,40.0
1250185932784926726,1.25006716023755e+18,"Great news: @UArizona will administer 250,000 antibody tests to our health care heroes and first responders on the frontlines of the fight against COVID-19. #BearDown https://t.co/4KweY3hg8h","EMT Billy Birmingham dedicated his life to saving others. Abby &amp; I are keeping his family and @KCMOFireDept in our prayers, and thinking of all our first responders as they continue working tirelessly to keep Kansas City safe during this health crisis. https://t.co/Hxe7wAU1kh",2964949642,Roy Blunt,2020-04-14,2020,1,1,37.0
1250119628682145792,1.2500788376286e+18,It could not be more clear: the future of the Supreme Court—and voting rights—is on the ballot in November. https://t.co/hyFlWm3YO1,"Glad to see #SCOTUS take this long overdue step. When things return to normal, the Court should follow the requirements in my Cameras in the Courtroom Act and permit live television coverage of all oral arguments. https://t.co/CJLFUZb2wT",30354991,Dick Durbin,2020-04-14,2020,2,2,40.0
1250147377920397312,1.25008030753929e+18,RT @SteveDaines: The Montana National Guard is on the front lines of this pandemic.  Cindy and I were happy to show a little piece of our a…,"Our brave miners put their lives on the line every day as they power our nation, and we are forever grateful for their contributions. Gayle and I, like all West Virginians, will keep those miners‚Äô loved ones, families, and friends in our prayers.",11651202,Joe Manchin,2020-04-14,2020,3,3,33.0
1250083862279073798,1.25008386227907e+18,We hope to have 10 million voluntary antibody tests available per week within 1-3 months. That’s the level of testing we need so people can figure out if they’re immune and go back to work without worrying that they can get infected or will infect others around them.,We hope to have 10 million voluntary antibody tests available per week within 1-3 months. That‚Äôs the level of testing we need so people can figure out if they‚Äôre immune and go back to work without worrying that they can get infected or will infect others around them.,1017500185356853248,Bill Cassidy,2020-04-14,2020,2,2,75.0
1250059625250127875,1.25008807694221e+18,"RT @OppFinance: ICYMI ""@ChrisCoons is calling for the next #COVID19 relief bill to expand the #PPP program &amp; give #CDFIs the capital &amp; lend…","RT @GovSisolak: Looking for all the most up-to-date NV #COVID19 information, incl. guidance &amp; Q&amp;As on emergency directives &amp; regulations? V‚Ä¶",15324851,Catherine Cortez Masto,2020-04-14,2020,2,3,39.0
1250122186557448192,1.25009235907494e+18,I joined a bipartisan group of Senators in urging @USDA to allocate a portion of CARES Act funding to support our local farmers in this time of need. https://t.co/Q2otMciPBB,"The #CombatCOVID19Challenge is simple:
1‚É£ Pick an act of kindness to help your community #CombatCOVID19
2‚É£ Post a video of yourself completing the challenge
3‚É£ Challenge 2-3 others to join the challenge https://t.co/WFeGDoPIsL",247334603,Ted Cruz,2020-04-14,2020,1,3,38.0
1249852075749437440,1.25009901022605e+18,"RT @danpfeiffer: ""I don't think a reasonable person could watch what we just saw over the last hour and conclude that the President is in c…","RT @SenateGOP: Conference Chairman @SenJohnBarrasso on @Varneyco:

Right now, let's focus on the parts of the CARES Act that are running ou‚Ä¶",47747074,John Barrasso,2020-04-14,2020,2,2,35.0
1250132033973751811,1.25011820258102e+18,"As the COVID-19 public health crisis continues, organizations supporting those affected by this pandemic need our help. Here is more information if you are able to help. https://t.co/XRDwwCqY3i",In the words of @NJ_CASA @PTeffenhart: ‚ÄúSupport for rape crisis centers in future stimulus packages is so important‚Ä¶we need to ensure the stability of our existing service infrastructure‚Ä¶ [&amp;] we will need to increase our capacity once the immediate impact of #COVID19 subsides.‚Äù,158470209,Bob Menendez,2020-04-14,2020,1,1,31.0
1250164860123590657,1.250133656536e+18,I am pleased grants announced today from the CARES Act will provide more than $53 million to Kansas airports in both urban and rural communities. Read more: https://t.co/WUvUd67Ofg,"I appreciate @USDOT moving quickly to provide more than $152 million in immediate support to help sustain Missouri airports through this public health emergency.

https://t.co/NH7W5dtmMH",75364211,Roy Blunt,2020-04-14,2020,2,2,41.0
1250157258316615683,1.25014552454152e+18,"Last night, Southeastern Grocers paid for groceries for first responders and medical professionals. Thank you for supporting our health care workers! #LiftingUpLA  https://t.co/0ce66PZBJp","The Trump Administration is relying on private companies to distribute desperately-needed medical supplies, which raises serious ethical questions and could result in supplies not being delivered to those in need.",55677432,Tammy Duckworth,2020-04-14,2020,1,1,38.0
1080158574511378438,1.08e+18,"RT @TeamCornyn: Happy new year! May 2019 bring good fortune, good health, and joy to all. https://t.co/AaAHU5wlny","RT @CR: ""The Penny Plan is simple ... @RandPaul characterized it as a 'litmus test for conservatives.'Çƒ˘ 

https://t.co/55YXKdqT3H",13218102,Rand Paul,2019-01-01,2019,2,2,34.0
1080890205698228224,1.08e+18,Headed to the U.S. Senate’s Swearing-in Ceremony for the 116th Congress. https://t.co/cCbeyNeApo,The Convening of the 116th Congress https://t.co/GQCOWNf3MK,76649729,Sheldon Whitehouse,2019-01-03,2019,3,3,59.0
908707545992265728,9.08671574261338e+17,"Today, we come together to express our gratitude to our missing heroes and to offer support to their loved ones #POWMIARecognitionDay 5/7",La @RedCross prepara apertura de 4 refugios en Cayos de FL luego de evaluaciones y consultas con funcionarios locales.,1068481578,Rick Scott,2017-09-15,2017,3,3,35.0
908701696804708352,9.08740373681451e+17,"Trump Admin. is walking away from the issue of #climatechange. That means at the local level, we need to step up &amp; I'm proud RI is acting.",RT @mr_eking: @RepSinema We need to stop thinking of compromise as a loss. Compromising is winning.,486694111,Kyrsten Sinema,2017-09-15,2017,3,1,36.0
908728831967744000,9.08748114487586e+17,I applaud @SecretaryZinke's quick action on behalf of sportsmen &amp; women across the country. https://t.co/YTauCiKtHM,The latest information on our statewide #HurricaneIrma response &amp; recovery efforts can be found here: https://t.co/hwZr1jkDiu,1096059529,Rick Scott,2017-09-15,2017,2,2,43.0
908859523162628096,9.09024571558289e+17,I've compiled a list of resources for Georgians recovering from Hurricane Irma on my website here: https://t.co/4tsq84R1Sp.,.@FLDEO has launched the Disaster Unemployment Assistance Program to help those impacted by #HurricaneIrma - visit https://t.co/5O99sSaCM8,78403308,Rick Scott,2017-09-16,2017,2,2,41.0
908859523162628096,9.09087622395555e+17,I've compiled a list of resources for Georgians recovering from Hurricane Irma on my website here: https://t.co/4tsq84R1Sp.,RT @FLSERT: Florida Hurricane #Irma Power Outage Numbers as of 9/16/2017 12:00 PM ET. PDF at: https://t.co/MdtDTxRJZf #FLResponds https://t‚Ä¶,78403308,Rick Scott,2017-09-16,2017,3,3,37.0
908859523162628096,9.09132277308936e+17,I've compiled a list of resources for Georgians recovering from Hurricane Irma on my website here: https://t.co/4tsq84R1Sp.,RT @FLSERT: Florida Hurricane #Irma Power Outage Numbers as of 9/16/2017 3:00 PM ET. PDF at: https://t.co/MdtDTxRJZf #FLResponds https://t.‚Ä¶,78403308,Rick Scott,2017-09-16,2017,3,3,38.0
909474360322351105,9.09404634648907e+17,🚨 Our fight to protect health care for millions of families is not over. https://t.co/mfOkVpjQb7,Power has been restored to more than 6 million homes and businesses. https://t.co/UPIUOzAgJx,249787913,Rick Scott,2017-09-17,2017,2,2,48.0
909474331469733893,9.09454250710831e+17,"RT @TBBuccaneers: Our thoughts are with those affected by Hurricane Irma. We will regroup, we will rebuild, we are #ONEFLORIDA.
@Jaguars @M…",RT @jakeowen: Please text SUNSHINE to 20222 for a one time $10 donation to help rebuild my home state of FL. All proceeds go DIRECTLY those‚Ä¶,15745368,Rick Scott,2017-09-17,2017,3,3,35.0
909466069827571714,9.09522330791096e+17,Let's go @Vikings! Beat the Steelers and make it 2-0! #SKOL,SR 47 and US 27 at the Santa Fe River are now open.,33537967,Rick Scott,2017-09-17,2017,2,2,36.0
1250053725575577600,1.24985366777315e+18,WATCH: @MichaelJKnowles and I discuss the extent to which #COVID19 has disparately impacted the American oil industry and more on #Verdict: https://t.co/HCY53Jkrb0,2/2 @realDonaldTrump was clear that @SecretarySonny needs to get aid out ASAP. Let‚Äôs get that done; Iowa‚Äôs ag industry depends on it. https://t.co/Ux0AYdEipw,23022687,Joni Ernst,2020-04-14,2020,1,1,40.0
